callsign,name,service_type,modes,rx_frequency_mhz,tx_frequency_mhz,offset_mhz,ctcss_hz,dmr_color_code,dmr_network,locator,municipality,province,autonomous_region,status,operator,notes,last_verified_at,latitude,longitude,source_name,source_url,source_record_id
EA6VHF,,beacon,"[""CW""]",144.426,,,,,,JM09TA,Sant Antoni de Portmany,Balearic Islands,Balearic Islands,unknown,URE Ibiza - 10W + omni, Administrative areas derived from exact URE site coordinates using OpenStreetMap Nominatim.,2026-09-13,39.0248,1.3008,URE repeater and beacon listings,https://www.ure.es/appure/repetidores/balizas144_N.php,balizas144_N.php:EA6VHF:144.4260
EC2E,,repeater,"[""FM""]",439.35,,-7.6,,,,IN92FQ,Ibargoiti,,Navarre,unknown,URE Navarra, Administrative areas derived from exact URE site coordinates using OpenStreetMap Nominatim.,2026-09-13,42.684013,-1.537099,URE repeater and beacon listings,https://www.ure.es/appure/repetidores/repe432_N.php,repe432_N.php:EC2E:439.3500
ED1YAB,,repeater,"[""FM""]",145.725,,-0.6,77.0,,,IN82PO,Peñacerrada-Urizaharra,Álava,Autonomous Community of the Basque Country,unknown,Radio Club Rioja, Administrative areas derived from exact URE site coordinates using OpenStreetMap Nominatim.,2026-09-13,42.594722222222,-2.6852777777778,URE repeater and beacon listings,https://www.ure.es/appure/repetidores/repe144_N.php,repe144_N.php:ED1YAB:145.7250
ED1YAZ,,repeater,"[""FM-N""]",145.675,,-0.6,88.5,,,IN72EU,La Pola de Gordón,León,Castile and León,unknown,URE León, Administrative areas derived from exact URE site coordinates using OpenStreetMap Nominatim.,2026-09-13,42.8384238097993,-5.5895491963311725,URE repeater and beacon listings,https://www.ure.es/appure/repetidores/repe144_N.php,repe144_N.php:ED1YAZ:145.6750
ED1YBQ,,repeater,[],29.68,,-0.1,,,,IN70DI,Navacarros,Salamanca,Castile and León,unknown,Sierra de Bejar - La Covatilla Grupo Radiopaquete Salamanca, Administrative areas derived from exact URE site coordinates using OpenStreetMap Nominatim.,2026-09-13,40.344797,-5.686958,URE repeater and beacon listings,https://www.ure.es/appure/repetidores/repe28_N.php,repe28_N.php:ED1YBQ:29.6800
ED1ZBG,,repeater,"[""C4FM""]",145.7125,,-0.6,,,,IN62EI,Parada de Sil,Ourense,Galicia,unknown,URE Ourense, Administrative areas derived from exact URE site coordinates using OpenStreetMap Nominatim.,2026-09-13,42.3497222222,-7.61,URE repeater and beacon listings,https://www.ure.es/appure/repetidores/repe144_N.php,repe144_N.php:ED1ZBG:145.7125
ED1ZBG_C,,repeater,"[""D-Star""]",145.6375,,-0.6,,,,IN62EI,Parada de Sil,Ourense,Galicia,unknown,URE Ourense, Administrative areas derived from exact URE site coordinates using OpenStreetMap Nominatim.,2026-09-13,42.35,-7.61055555556,URE repeater and beacon listings,https://www.ure.es/appure/repetidores/repe144_N.php,repe144_N.php:ED1ZBG_C:145.6375
ED1ZBJ,,repeater,"[""DMR""]",438.225,,-7.6,,1,BM,IN72FN,Valdefresno,León,Castile and León,unknown,URE León, RadioID DMR enrichment: color code and network from identity_id 654; principal source remains URE. Administrative areas derived from exact URE site coordinates using OpenStreetMap Nominatim.,2026-09-13,42.58118918049965,-5.534456330494542,URE repeater and beacon listings,https://www.ure.es/appure/repetidores/repe432_N.php,repe432_N.php:ED1ZBJ:438.2250
ED2ZAB,,repeater,"[""D-Star"", ""FM""]",145.775,,-0.6,,,,IN83CH,Irun,Gipuzkoa,Autonomous Community of the Basque Country,unknown,Radioaficionados del Bidasoa, Administrative areas derived from exact URE site coordinates using OpenStreetMap Nominatim.,2026-09-13,43.311333,-1.761667,URE repeater and beacon listings,https://www.ure.es/appure/repetidores/repe144_N.php,repe144_N.php:ED2ZAB:145.7750
ED3YAI,,repeater,"[""FM""]",51.9,,-0.6,88.5,,,JN02WH,Das,Girona,Catalonia,unknown,AMIRED, Administrative areas derived from exact URE site coordinates using OpenStreetMap Nominatim.,2026-09-13,42.321111,1.8927780000000003,URE repeater and beacon listings,https://www.ure.es/appure/repetidores/repe50_N.php,repe50_N.php:ED3YAI:51.9000
ED3YAK,,repeater,"[""D-Star"", ""FM""]",145.65,,-0.6,,,,JN11BJ,Barcelona,Barcelona,Catalonia,unknown,URE Barcelona, Administrative areas derived from exact URE site coordinates using OpenStreetMap Nominatim.,2026-09-13,41.383088,2.116928,URE repeater and beacon listings,https://www.ure.es/appure/repetidores/repe144_N.php,repe144_N.php:ED3YAK:145.6500
ED3ZAN,,repeater,"[""DMR""]",145.5875,,-0.6,,1,BM,JN12LG,Sant Feliu de Guíxols,Girona,Catalonia,unknown,Sección URE Alt Empordá, RadioID DMR enrichment: color code and network from identity_id 730; principal source remains URE. Administrative areas derived from exact URE site coordinates using OpenStreetMap Nominatim.,2026-09-13,41.800047000000006,3.033342,URE repeater and beacon listings,https://www.ure.es/appure/repetidores/repe144_N.php,repe144_N.php:ED3ZAN:145.5875
ED4YAE,,repeater,"[""FM""]",1298.5,,-28.0,,,,IN70WR,Guadarrama,,Community of Madrid,unknown,4 W potencia - URE Sierra de Guadarrama, Administrative areas derived from exact URE site coordinates using OpenStreetMap Nominatim.,2026-09-13,40.683333,-4.116667,URE repeater and beacon listings,https://www.ure.es/appure/repetidores/repe1200_N.php,repe1200_N.php:ED4YAE:1298.5000
ED4YAG,,APRS digipeater,"[""APRS""]",144.8,,,,,,IN80DJ,Madrid,,Community of Madrid,unknown,URE Central, Administrative areas derived from exact URE site coordinates using OpenStreetMap Nominatim.,2026-09-13,40.390701,-3.6711358,URE repeater and beacon listings,https://www.ure.es/appure/repetidores/repe144_N.php,repe144_N.php:ED4YAG:144.8000
ED4YAW,,repeater,"[""FM""]",51.95,,-0.6,88.5,,,IN70WR,Guadarrama,,Community of Madrid,unknown,"Subtono: 88,5 Hz - URE Sierra de Guadarrama", Administrative areas derived from exact URE site coordinates using OpenStreetMap Nominatim.,2026-09-13,40.683333,-4.116667,URE repeater and beacon listings,https://www.ure.es/appure/repetidores/repe50_N.php,repe50_N.php:ED4YAW:51.9500
ED5ZAC,,repeater,"[""D-Star"", ""FM""]",145.6875,,-0.6,,,,JM08BU,Dénia,Alacant / Alicante,Valencian Community,unknown,RC Denia, Administrative areas derived from exact URE site coordinates using OpenStreetMap Nominatim.,2026-09-13,38.843056,0.1075,URE repeater and beacon listings,https://www.ure.es/appure/repetidores/repe144_N.php,repe144_N.php:ED5ZAC:145.6875
ED5ZAC,,repeater,"[""D-Star"", ""FM""]",1298.5,,-28.0,,,,JM08BU,Dénia,Alacant / Alicante,Valencian Community,unknown,RC Denia, Administrative areas derived from exact URE site coordinates using OpenStreetMap Nominatim.,2026-09-13,38.843056,0.1075,URE repeater and beacon listings,https://www.ure.es/appure/repetidores/repe1200_N.php,repe1200_N.php:ED5ZAC:1298.5000
ED6ZAC,,repeater,"[""D-Star"", ""FM""]",145.625,,-0.6,,,,JM19IR,Bunyola,Balearic Islands,Balearic Islands,unknown,Digigrup, Administrative areas derived from exact URE site coordinates using OpenStreetMap Nominatim.,2026-09-13,39.737778,2.713889,URE repeater and beacon listings,https://www.ure.es/appure/repetidores/repe144_N.php,repe144_N.php:ED6ZAC:145.6250
ED7YAM,,repeater,"[""FM""]",51.81,,-0.6,77.0,,,IM77OX,Córdoba,Córdoba,Andalusia,unknown,URE Córdoba, Administrative areas derived from exact URE site coordinates using OpenStreetMap Nominatim.,2026-09-13,37.963689,-4.805832,URE repeater and beacon listings,https://www.ure.es/appure/repetidores/repe50_N.php,repe50_N.php:ED7YAM:51.8100
ED7YAU,,APRS digipeater,"[""APRS""]",144.8,,,,,,IM76AT,Jerez,Cádiz,Andalusia,unknown,30 W - Antena omnidireccional - URE San Fernando, Administrative areas derived from exact URE site coordinates using OpenStreetMap Nominatim.,2026-09-13,36.835635100000005,-5.9547084,URE repeater and beacon listings,https://www.ure.es/appure/repetidores/repe144_N.php,repe144_N.php:ED7YAU:144.8000
ED7ZAL,,repeater,"[""DMR""]",438.425,,-7.6,,1,BrandMeister,IM67XI,Mairena del Aljarafe,Sevilla,Andalusia,unknown,URE Sevilla, RadioID DMR enrichment: color code and network from identity_id 803; principal source remains URE. Administrative areas derived from exact URE site coordinates using OpenStreetMap Nominatim.,2026-09-13,37.3465,-6.03987,URE repeater and beacon listings,https://www.ure.es/appure/repetidores/repe432_N.php,repe432_N.php:ED7ZAL:438.4250
ED8YAB,,repeater,"[""FM""]",439.0,,-7.6,,,,IL18CP,Breña Alta,Santa Cruz de Tenerife,Canary Islands,unknown,Unión Radioaficionados Aridane, Administrative areas derived from exact URE site coordinates using OpenStreetMap Nominatim.,2026-09-13,28.647164,-17.825333,URE repeater and beacon listings,https://www.ure.es/appure/repetidores/repe432_N.php,repe432_N.php:ED8YAB:439.0000
ED9YAB,,repeater,[],438.675,,-7.6,82.5,,,IM75IV,Ceuta,,Ceuta,unknown,URE Sección Ceuta, Administrative areas derived from exact URE site coordinates using OpenStreetMap Nominatim.,2026-09-13,35.899722,-5.355278,URE repeater and beacon listings,https://www.ure.es/appure/repetidores/repe432_N.php,repe432_N.php:ED9YAB:438.6750
